{
    "properties":{
        "spectral exponent (s)": "1",
        "temperature (beta hbar omega_q)": 5,
        "coupling strength (2 pi hbar kappa)": 0.004,
        "cutoff frequency (omega_c)": 50
    },

    "nu_real":[
        -0.778160873698166E+03,
        -0.257579962461232E+03,
        -0.111598524461599E+03,
        -0.593336426125253E+02,
        -0.376865369035365E+02,
        -0.229390709701021E+02,
        -0.120519419970185E+02,
        -0.596428367295505E+01,
        -0.288557557378009E+01,
        -0.126987253015784E+01
    ],

    "nu_imag":[
    -0.435244478143155E+02,
    -0.304543883075301E+02,
    -0.259278358171220E+02,
    -0.223146016365944E+02,
    -0.139630305056995E+02,
    -0.507671618509057E+01,
    -0.131476347964257E+01,
    -0.301824875443559E+00,
    -0.503034888473670E-01,
    -0.229038273804408E-02
    ],

    "coeff_real":[
        -0.879014353777679E-02,
        -0.559360411728012E-01,
        -0.207514288606778E+00,
         0.642198014625175E+00,
         0.731241228574748E+00,
        -0.214633130604656E+00,
        -0.686979344309946E-01,
        -0.166439793294140E-01,
        -0.391390190632166E-02,
        -0.106802540502182E-02
    ],

    "coeff_imag":[
         0.129666694217374E-02,
         0.198800603847794E-01,
         0.237741610699426E+00,
         0.875503568262435E+00,
        -0.838691283874497E+00,
        -0.267110471258027E+00,
        -0.256203471506323E-01,
        -0.273619732510474E-02,
        -0.271020314372268E-03,
        -0.101954336937706E-04
    ],

    "depth": 2,
    "bondDim": 20,
    "isRK13": false
}

