{
    "properties":{
        "spectral exponent (s)": "1/2",
        "temperature (beta hbar omega_q)": 5,
        "coupling strength (2 pi hbar kappa)": 0.004,
        "cutoff frequency (omega_c)": 50,
        "omega_ph": 1
    },

    "nu_real":[
        -0.261909620877775E+03,
        -0.978065282160524E+02,
        -0.513448817860926E+02,
        -0.321370615037071E+02,
        -0.172042006354180E+02,
        -0.791682949997041E+01,
        -0.345986313640767E+01,
        -0.141505088069339E+01,
        -0.696417879679610E+00,
        -0.257727759728626E+00,
        -0.108585036811562E+00,
        -0.476387778246382E-01,
        -0.214247064508766E-01,
        -0.985008759482420E-02,
        -0.463095305700511E-02,
        -0.223300003225880E-02,
        -0.110046058630264E-02,
        -0.554415471865538E-03,
        -0.287065334174342E-03,
        -0.152892838236986E-03,
        -0.828936797787959E-04,
        -0.454529286716366E-04,
        -0.254105177196837E-04,
        -0.145726689730574E-04,
        -0.856313800975098E-05,
        -0.508877941196470E-05,
        -0.302470408680726E-05,
        -0.174963140856025E-05,
        -0.926460550803464E-06,
        -0.331820541307577E-06,
        -0.267977253007146E-08
    ],

    "nu_imag":[
        -0.394245106493090E+02,
        -0.260672478650081E+02,
        -0.204232258869494E+02,
        -0.100515793788679E+02,
        -0.246976205142144E+01,
        -0.598533263589956E+00,
        -0.195944700554975E+00,
        -0.126176928694601E+00,
         0.120088721623425E+00,
         0.718118480308685E-02,
        -0.258896490572645E-02,
        -0.154731896939181E-02,
        -0.753945438363538E-03,
        -0.345790993501304E-03,
        -0.170064634939324E-03,
        -0.102607475680183E-03,
        -0.644349747965335E-04,
        -0.388391515256339E-04,
        -0.225855986426754E-04,
        -0.134359425266029E-04,
        -0.817837172599583E-05,
        -0.477968412196411E-05,
        -0.256684660023043E-05,
        -0.130130368098945E-05,
        -0.631888359315868E-06,
        -0.280594320068984E-06,
        -0.974232041927821E-07,
        -0.203671003548870E-07,
         0.238523918664771E-08,
         0.100579735632299E-08,
        -0.124219537585204E-05
    ],

    "coeff_real":[
        -0.414906024147693E-02,
        -0.443299202268126E-01,
         0.936311533737747E-01,
         0.105137833497116E+00,
        -0.149786415038256E-01,
        -0.707505255592879E-02,
        -0.225835998774293E-02,
        -0.654179914098388E-03,
        -0.144844591767694E-03,
         0.630540311813004E-04,
         0.486812919603999E-04,
         0.318900431925063E-04,
         0.207987224212540E-04,
         0.137178845673147E-04,
         0.909536117889610E-05,
         0.610997472343746E-05,
         0.416492405737090E-05,
         0.285363926306795E-05,
         0.196268551468601E-05,
         0.137848154629645E-05,
         0.995012502915109E-06,
         0.721319966661937E-06,
         0.516969594558531E-06,
         0.374621989261475E-06,
         0.275568512573088E-06,
         0.211649945047924E-06,
         0.164499613198664E-06,
         0.137611028278209E-06,
         0.126587698466403E-06,
         0.165569262946913E-06,
         0.358186962877020E-12
    ],

    "coeff_imag":[
        -0.149588259410309E-02, 
         0.174931766690173E-01,
         0.154178202899939E+00,
        -0.114535606051379E+00,
        -0.420030805137116E-01,
        -0.984450632910040E-02,
        -0.271875725065370E-02,
        -0.751118409651747E-03,
        -0.193936060992774E-03,
        -0.605556957608272E-04,
        -0.141623615390995E-04,
        -0.342246652489215E-05,
        -0.791110396035245E-06,
        -0.807471606508197E-07,
        -0.537144130447493E-08,
         0.469505056580237E-08,
         0.354027819562467E-07,
         0.536109453608470E-07,
         0.512379779328929E-07,
         0.364267970771824E-07,
         0.327245372275901E-07,
         0.354703801929710E-07,
         0.345360489061074E-07,
         0.257325102322986E-07,
         0.195009358201405E-07,
         0.138423509801355E-07,
         0.104170651353473E-07,
         0.457472305161086E-08,
         0.167383213877670E-08,
        -0.101639323719330E-08,
         0.224770213145078E-12
    ],

    "depth": 2,
    "bondDim": 20,
    "isRK13": false
}


                       