{
    "properties":{
        "spectral exponent (s)": "1/8",
        "temperature (beta hbar omega_q)": 5,
        "coupling strength (2 pi hbar kappa)": 0.004,
        "cutoff frequency (omega_c)": 50,
        "omega_ph": 1
    },

    "nu_real":[
        -0.596585232556075E+01,
        -0.122087741893854E+00,
        -0.327941523479523E-03,
        -0.127048495958473E-01,
        -0.131852001555378E+01,
        -0.407549032755817E+02,
        -0.195604514673074E+02,
        -0.898137481983075E+02
    ],

    "nu_imag":[
        -0.315212226949852E+00,
         0.316186011780052E-01,
         0.557644200401439E-05,
         0.743087511759758E-03,
         0.268655716490825E-01,
        -0.201974696577742E+02,
        -0.499111374717323E+01,
        -0.282408298106659E+02
    ],

    "coeff_real":[
        -0.289881442103113E-03,
         0.350150988196354E-03,
         0.727201505312589E-03,
         0.355877564934145E-03,
        -0.360039670645558E-03,
         0.361518502772856E-01,
         0.138185029362510E-01,
        -0.129248603698476E-01
    ],

    "coeff_imag":[
        -0.665792115734356E-02,
        -0.188925819730800E-03,
        -0.396016969703894E-05,
        -0.270310739866136E-04,
        -0.145302896092226E-02,
         0.284157763414115E-01,
        -0.234385242740860E-01,
         0.353382155050330E-02
    ],

    "depth": 8,
    "bondDim": 80,
    "isRK13": false
}